{
    "equipment_utilization": {
        "EQUIP001": 48.732943469785575,
        "EQUIP002": 3.248862897985705,
        "EQUIP003": 4.548408057179987,
        "EQUIP004": 4.548408057179987,
        "EQUIP005": 16.244314489928524,
        "EQUIP006": 2.599090318388564,
        "EQUIP007": 4.548408057179987,
        "EQUIP008": 5.198180636777128
    },
    "tool_utilization": {
        "TOOL001": 44.0,
        "TOOL002": 7.4074074074074066,
        "TOOL003": 5.555555555555555,
        "TOOL004": 3.3333333333333335,
        "TOOL005": 0.0,
        "TOOL006": 2.2222222222222223,
        "TOOL007": 3.3333333333333335
    },
    "material_consumption": {
        "MAT001": 12.5,
        "MAT002": 10.0,
        "MAT003": 6.666666666666667,
        "MAT004": 0.0,
        "MAT005": 6.666666666666667,
        "MAT006": 2.5,
        "MAT007": 8.333333333333332
    },
    "job_costs": {
        "JOB003": 165.0,
        "JOB001": 440.0,
        "JOB004": 110.0,
        "JOB002": 350.0,
        "JOB018": 100.0,
        "JOB006": 144.0,
        "JOB008": 208.0,
        "JOB015": 220.0,
        "JOB005": 240.0,
        "JOB009": 180.0,
        "JOB017": 240.0,
        "JOB007": 100.0,
        "JOB010": 96.0,
        "JOB011": 220.0,
        "JOB013": 260.0,
        "JOB012": 165.0,
        "JOB016": 104.0,
        "JOB014": 150.0
    },
    "technician_costs": {
        "TECH001": 900.0,
        "TECH002": 880.0,
        "TECH003": 480.0,
        "TECH004": 660.0,
        "TECH005": 572.0,
        "TECH006": 0.0
    },
    "total_labor_cost": 3492.0,
    "total_completion_time": "4 days, 8:00:00",
    "average_job_duration": 7.666666666666667,
    "equipment_idle_times": {
        "EQUIP001": 284400.0,
        "EQUIP002": 536400.0,
        "EQUIP003": 529200.0,
        "EQUIP004": 529200.0,
        "EQUIP005": 464400.0,
        "EQUIP006": 540000.0,
        "EQUIP007": 529200.0,
        "EQUIP008": 525600.0
    }
}